timestamp,event_id,source_dataset,session_id,component,event_type,severity,message,error_flag,template_id,anomaly_label,domain,entity_id,status,region,channel,category,latency_ms,delivery_delay_minutes,sla_breach
2008-11-09T00:00:04+00:00,loghub_hdfs_replay_000001_000,loghub_hdfs,blk_-1608999687919862906,hdfs_trace_replay,E5,INFO,[*]Receiving block[*]src:[*]dest:[*],False,E5,0,hdfs,blk_-1608999687919862906,INFO,hdfs,loghub,E5,0.0,0.0,False
2008-11-09T00:00:04+00:00,loghub_hdfs_replay_000001_001,loghub_hdfs,blk_-1608999687919862906,hdfs_trace_replay,E22,INFO,[*]BLOCK* NameSystem[*]allocateBlock:[*],False,E22,0,hdfs,blk_-1608999687919862906,INFO,hdfs,loghub,E22,0.0,0.0,False
2008-11-09T00:00:04+00:00,loghub_hdfs_replay_000001_012,loghub_hdfs,blk_-1608999687919862906,hdfs_trace_replay,E26,INFO,[*]BLOCK* NameSystem[*]addStoredBlock: blockMap updated:[*]is added to[*]size[*],False,E26,0,hdfs,blk_-1608999687919862906,INFO,hdfs,loghub,E26,0.0,0.0,False
2008-11-09T00:00:04+00:00,loghub_hdfs_replay_000001_011,loghub_hdfs,blk_-1608999687919862906,hdfs_trace_replay,E26,INFO,[*]BLOCK* NameSystem[*]addStoredBlock: blockMap updated:[*]is added to[*]size[*],False,E26,0,hdfs,blk_-1608999687919862906,INFO,hdfs,loghub,E26,0.0,0.0,False
2008-11-09T00:00:04+00:00,loghub_hdfs_replay_000001_010,loghub_hdfs,blk_-1608999687919862906,hdfs_trace_replay,E26,INFO,[*]BLOCK* NameSystem[*]addStoredBlock: blockMap updated:[*]is added to[*]size[*],False,E26,0,hdfs,blk_-1608999687919862906,INFO,hdfs,loghub,E26,0.0,0.0,False
2008-11-09T00:00:04+00:00,loghub_hdfs_replay_000001_009,loghub_hdfs,blk_-1608999687919862906,hdfs_trace_replay,E9,INFO,[*]Received block[*]of size[*]from[*],False,E9,0,hdfs,blk_-1608999687919862906,INFO,hdfs,loghub,E9,0.0,0.0,False
2008-11-09T00:00:04+00:00,loghub_hdfs_replay_000001_007,loghub_hdfs,blk_-1608999687919862906,hdfs_trace_replay,E9,INFO,[*]Received block[*]of size[*]from[*],False,E9,0,hdfs,blk_-1608999687919862906,INFO,hdfs,loghub,E9,0.0,0.0,False
2008-11-09T00:00:04+00:00,loghub_hdfs_replay_000001_008,loghub_hdfs,blk_-1608999687919862906,hdfs_trace_replay,E11,INFO,[*]PacketResponder[*]for block[*]terminating[*],False,E11,0,hdfs,blk_-1608999687919862906,INFO,hdfs,loghub,E11,0.0,0.0,False
2008-11-09T00:00:04+00:00,loghub_hdfs_replay_000001_005,loghub_hdfs,blk_-1608999687919862906,hdfs_trace_replay,E11,INFO,[*]PacketResponder[*]for block[*]terminating[*],False,E11,0,hdfs,blk_-1608999687919862906,INFO,hdfs,loghub,E11,0.0,0.0,False
2008-11-09T00:00:04+00:00,loghub_hdfs_replay_000001_004,loghub_hdfs,blk_-1608999687919862906,hdfs_trace_replay,E11,INFO,[*]PacketResponder[*]for block[*]terminating[*],False,E11,0,hdfs,blk_-1608999687919862906,INFO,hdfs,loghub,E11,0.0,0.0,False
2008-11-09T00:00:04+00:00,loghub_hdfs_replay_000001_003,loghub_hdfs,blk_-1608999687919862906,hdfs_trace_replay,E5,INFO,[*]Receiving block[*]src:[*]dest:[*],False,E5,0,hdfs,blk_-1608999687919862906,INFO,hdfs,loghub,E5,0.0,0.0,False
2008-11-09T00:00:04+00:00,loghub_hdfs_replay_000001_002,loghub_hdfs,blk_-1608999687919862906,hdfs_trace_replay,E5,INFO,[*]Receiving block[*]src:[*]dest:[*],False,E5,0,hdfs,blk_-1608999687919862906,INFO,hdfs,loghub,E5,1.0,0.0,False
2008-11-09T00:00:04+00:00,loghub_hdfs_replay_000001_006,loghub_hdfs,blk_-1608999687919862906,hdfs_trace_replay,E9,INFO,[*]Received block[*]of size[*]from[*],False,E9,0,hdfs,blk_-1608999687919862906,INFO,hdfs,loghub,E9,0.0,0.0,False
2008-11-09T00:00:04+00:00,loghub_hdfs_replay_000001_019,loghub_hdfs,blk_-1608999687919862906,hdfs_trace_replay,E25,INFO,[*]BLOCK* ask[*]to replicate[*]to[*],False,E25,0,hdfs,blk_-1608999687919862906,INFO,hdfs,loghub,E25,0.0,0.0,False
2008-11-09T00:00:04+00:00,loghub_hdfs_replay_000001_021,loghub_hdfs,blk_-1608999687919862906,hdfs_trace_replay,E26,INFO,[*]BLOCK* NameSystem[*]addStoredBlock: blockMap updated:[*]is added to[*]size[*],False,E26,0,hdfs,blk_-1608999687919862906,INFO,hdfs,loghub,E26,0.0,0.0,False
2008-11-09T00:00:04+00:00,loghub_hdfs_replay_000001_020,loghub_hdfs,blk_-1608999687919862906,hdfs_trace_replay,E26,INFO,[*]BLOCK* NameSystem[*]addStoredBlock: blockMap updated:[*]is added to[*]size[*],False,E26,0,hdfs,blk_-1608999687919862906,INFO,hdfs,loghub,E26,0.0,0.0,False
2008-11-09T00:00:04+00:00,loghub_hdfs_replay_000001_018,loghub_hdfs,blk_-1608999687919862906,hdfs_trace_replay,E18,INFO,[*]Starting thread to transfer block[*]to[*],False,E18,0,hdfs,blk_-1608999687919862906,INFO,hdfs,loghub,E18,0.0,0.0,False
2008-11-09T00:00:04+00:00,loghub_hdfs_replay_000001_013,loghub_hdfs,blk_-1608999687919862906,hdfs_trace_replay,E6,INFO,[*]Received block[*]src:[*]dest:[*]of size[*],False,E6,0,hdfs,blk_-1608999687919862906,INFO,hdfs,loghub,E6,2.0,0.0,False
2008-11-09T00:00:04+00:00,loghub_hdfs_replay_000001_016,loghub_hdfs,blk_-1608999687919862906,hdfs_trace_replay,E6,INFO,[*]Received block[*]src:[*]dest:[*]of size[*],False,E6,0,hdfs,blk_-1608999687919862906,INFO,hdfs,loghub,E6,0.0,0.0,False
2008-11-09T00:00:04+00:00,loghub_hdfs_replay_000001_015,loghub_hdfs,blk_-1608999687919862906,hdfs_trace_replay,E16,INFO,[*]:Transmitted block[*]to[*],False,E16,0,hdfs,blk_-1608999687919862906,INFO,hdfs,loghub,E16,0.0,0.0,False
2008-11-09T00:00:04+00:00,loghub_hdfs_replay_000001_014,loghub_hdfs,blk_-1608999687919862906,hdfs_trace_replay,E5,INFO,[*]Receiving block[*]src:[*]dest:[*],False,E5,0,hdfs,blk_-1608999687919862906,INFO,hdfs,loghub,E5,0.0,0.0,False
2008-11-09T00:00:04+00:00,loghub_hdfs_replay_000001_017,loghub_hdfs,blk_-1608999687919862906,hdfs_trace_replay,E5,INFO,[*]Receiving block[*]src:[*]dest:[*],False,E5,0,hdfs,blk_-1608999687919862906,INFO,hdfs,loghub,E5,0.0,0.0,False
2008-11-09T00:00:04+00:00,loghub_hdfs_replay_000001_022,loghub_hdfs,blk_-1608999687919862906,hdfs_trace_replay,E3,INFO,[*]Served block[*]to[*],False,E3,0,hdfs,blk_-1608999687919862906,INFO,hdfs,loghub,E3,2.0,0.0,False
2008-11-09T00:00:04+00:00,loghub_hdfs_replay_000001_023,loghub_hdfs,blk_-1608999687919862906,hdfs_trace_replay,E25,INFO,[*]BLOCK* ask[*]to replicate[*]to[*],False,E25,0,hdfs,blk_-1608999687919862906,INFO,hdfs,loghub,E25,1.0,0.0,False
2008-11-09T00:00:04+00:00,loghub_hdfs_replay_000001_030,loghub_hdfs,blk_-1608999687919862906,hdfs_trace_replay,E26,INFO,[*]BLOCK* NameSystem[*]addStoredBlock: blockMap updated:[*]is added to[*]size[*],False,E26,0,hdfs,blk_-1608999687919862906,INFO,hdfs,loghub,E26,0.0,0.0,False
2008-11-09T00:00:04+00:00,loghub_hdfs_replay_000001_031,loghub_hdfs,blk_-1608999687919862906,hdfs_trace_replay,E26,INFO,[*]BLOCK* NameSystem[*]addStoredBlock: blockMap updated:[*]is added to[*]size[*],False,E26,0,hdfs,blk_-1608999687919862906,INFO,hdfs,loghub,E26,0.0,0.0,False
2008-11-09T00:00:04+00:00,loghub_hdfs_replay_000001_029,loghub_hdfs,blk_-1608999687919862906,hdfs_trace_replay,E18,INFO,[*]Starting thread to transfer block[*]to[*],False,E18,0,hdfs,blk_-1608999687919862906,INFO,hdfs,loghub,E18,0.0,0.0,False
2008-11-09T00:00:04+00:00,loghub_hdfs_replay_000001_028,loghub_hdfs,blk_-1608999687919862906,hdfs_trace_replay,E16,INFO,[*]:Transmitted block[*]to[*],False,E16,0,hdfs,blk_-1608999687919862906,INFO,hdfs,loghub,E16,0.0,0.0,False
2008-11-09T00:00:04+00:00,loghub_hdfs_replay_000001_026,loghub_hdfs,blk_-1608999687919862906,hdfs_trace_replay,E5,INFO,[*]Receiving block[*]src:[*]dest:[*],False,E5,0,hdfs,blk_-1608999687919862906,INFO,hdfs,loghub,E5,0.0,0.0,False
2008-11-09T00:00:04+00:00,loghub_hdfs_replay_000001_025,loghub_hdfs,blk_-1608999687919862906,hdfs_trace_replay,E6,INFO,[*]Received block[*]src:[*]dest:[*]of size[*],False,E6,0,hdfs,blk_-1608999687919862906,INFO,hdfs,loghub,E6,0.0,0.0,False
2008-11-09T00:00:04+00:00,loghub_hdfs_replay_000001_024,loghub_hdfs,blk_-1608999687919862906,hdfs_trace_replay,E6,INFO,[*]Received block[*]src:[*]dest:[*]of size[*],False,E6,0,hdfs,blk_-1608999687919862906,INFO,hdfs,loghub,E6,2.0,0.0,False
2008-11-09T00:00:04+00:00,loghub_hdfs_replay_000001_027,loghub_hdfs,blk_-1608999687919862906,hdfs_trace_replay,E5,INFO,[*]Receiving block[*]src:[*]dest:[*],False,E5,0,hdfs,blk_-1608999687919862906,INFO,hdfs,loghub,E5,0.0,0.0,False
2008-11-09T00:00:04+00:00,loghub_hdfs_replay_000001_042,loghub_hdfs,blk_-1608999687919862906,hdfs_trace_replay,E3,INFO,[*]Served block[*]to[*],False,E3,0,hdfs,blk_-1608999687919862906,INFO,hdfs,loghub,E3,0.0,0.0,False
2008-11-09T00:00:04+00:00,loghub_hdfs_replay_000001_047,loghub_hdfs,blk_-1608999687919862906,hdfs_trace_replay,E25,INFO,[*]BLOCK* ask[*]to replicate[*]to[*],False,E25,0,hdfs,blk_-1608999687919862906,INFO,hdfs,loghub,E25,0.0,0.0,False
2008-11-09T00:00:04+00:00,loghub_hdfs_replay_000001_046,loghub_hdfs,blk_-1608999687919862906,hdfs_trace_replay,E18,INFO,[*]Starting thread to transfer block[*]to[*],False,E18,0,hdfs,blk_-1608999687919862906,INFO,hdfs,loghub,E18,0.0,0.0,False
2008-11-09T00:00:04+00:00,loghub_hdfs_replay_000001_045,loghub_hdfs,blk_-1608999687919862906,hdfs_trace_replay,E3,INFO,[*]Served block[*]to[*],False,E3,0,hdfs,blk_-1608999687919862906,INFO,hdfs,loghub,E3,0.0,0.0,False
2008-11-09T00:00:04+00:00,loghub_hdfs_replay_000001_044,loghub_hdfs,blk_-1608999687919862906,hdfs_trace_replay,E3,INFO,[*]Served block[*]to[*],False,E3,0,hdfs,blk_-1608999687919862906,INFO,hdfs,loghub,E3,0.0,0.0,False
2008-11-09T00:00:04+00:00,loghub_hdfs_replay_000001_043,loghub_hdfs,blk_-1608999687919862906,hdfs_trace_replay,E3,INFO,[*]Served block[*]to[*],False,E3,0,hdfs,blk_-1608999687919862906,INFO,hdfs,loghub,E3,0.0,0.0,False
2008-11-09T00:00:04+00:00,loghub_hdfs_replay_000001_041,loghub_hdfs,blk_-1608999687919862906,hdfs_trace_replay,E3,INFO,[*]Served block[*]to[*],False,E3,0,hdfs,blk_-1608999687919862906,INFO,hdfs,loghub,E3,0.0,0.0,False
2008-11-09T00:00:04+00:00,loghub_hdfs_replay_000001_040,loghub_hdfs,blk_-1608999687919862906,hdfs_trace_replay,E3,INFO,[*]Served block[*]to[*],False,E3,0,hdfs,blk_-1608999687919862906,INFO,hdfs,loghub,E3,0.0,0.0,False
2008-11-09T00:00:04+00:00,loghub_hdfs_replay_000001_039,loghub_hdfs,blk_-1608999687919862906,hdfs_trace_replay,E3,INFO,[*]Served block[*]to[*],False,E3,0,hdfs,blk_-1608999687919862906,INFO,hdfs,loghub,E3,0.0,0.0,False
2008-11-09T00:00:04+00:00,loghub_hdfs_replay_000001_038,loghub_hdfs,blk_-1608999687919862906,hdfs_trace_replay,E3,INFO,[*]Served block[*]to[*],False,E3,0,hdfs,blk_-1608999687919862906,INFO,hdfs,loghub,E3,0.0,0.0,False
2008-11-09T00:00:04+00:00,loghub_hdfs_replay_000001_037,loghub_hdfs,blk_-1608999687919862906,hdfs_trace_replay,E3,INFO,[*]Served block[*]to[*],False,E3,0,hdfs,blk_-1608999687919862906,INFO,hdfs,loghub,E3,0.0,0.0,False
2008-11-09T00:00:04+00:00,loghub_hdfs_replay_000001_036,loghub_hdfs,blk_-1608999687919862906,hdfs_trace_replay,E3,INFO,[*]Served block[*]to[*],False,E3,0,hdfs,blk_-1608999687919862906,INFO,hdfs,loghub,E3,0.0,0.0,False
2008-11-09T00:00:04+00:00,loghub_hdfs_replay_000001_035,loghub_hdfs,blk_-1608999687919862906,hdfs_trace_replay,E16,INFO,[*]:Transmitted block[*]to[*],False,E16,0,hdfs,blk_-1608999687919862906,INFO,hdfs,loghub,E16,0.0,0.0,False
2008-11-09T00:00:04+00:00,loghub_hdfs_replay_000001_034,loghub_hdfs,blk_-1608999687919862906,hdfs_trace_replay,E5,INFO,[*]Receiving block[*]src:[*]dest:[*],False,E5,0,hdfs,blk_-1608999687919862906,INFO,hdfs,loghub,E5,0.0,0.0,False
2008-11-09T00:00:04+00:00,loghub_hdfs_replay_000001_033,loghub_hdfs,blk_-1608999687919862906,hdfs_trace_replay,E6,INFO,[*]Received block[*]src:[*]dest:[*]of size[*],False,E6,0,hdfs,blk_-1608999687919862906,INFO,hdfs,loghub,E6,0.0,0.0,False
2008-11-09T00:00:04+00:00,loghub_hdfs_replay_000001_032,loghub_hdfs,blk_-1608999687919862906,hdfs_trace_replay,E5,INFO,[*]Receiving block[*]src:[*]dest:[*],False,E5,0,hdfs,blk_-1608999687919862906,INFO,hdfs,loghub,E5,1.0,0.0,False
2008-11-09T00:00:04+00:00,loghub_hdfs_replay_000001_059,loghub_hdfs,blk_-1608999687919862906,hdfs_trace_replay,E3,INFO,[*]Served block[*]to[*],False,E3,0,hdfs,blk_-1608999687919862906,INFO,hdfs,loghub,E3,0.0,0.0,False
2008-11-09T00:00:04+00:00,loghub_hdfs_replay_000001_060,loghub_hdfs,blk_-1608999687919862906,hdfs_trace_replay,E3,INFO,[*]Served block[*]to[*],False,E3,0,hdfs,blk_-1608999687919862906,INFO,hdfs,loghub,E3,0.0,0.0,False
2008-11-09T00:00:04+00:00,loghub_hdfs_replay_000001_061,loghub_hdfs,blk_-1608999687919862906,hdfs_trace_replay,E3,INFO,[*]Served block[*]to[*],False,E3,0,hdfs,blk_-1608999687919862906,INFO,hdfs,loghub,E3,0.0,0.0,False
2008-11-09T00:00:04+00:00,loghub_hdfs_replay_000001_058,loghub_hdfs,blk_-1608999687919862906,hdfs_trace_replay,E3,INFO,[*]Served block[*]to[*],False,E3,0,hdfs,blk_-1608999687919862906,INFO,hdfs,loghub,E3,0.0,0.0,False
2008-11-09T00:00:04+00:00,loghub_hdfs_replay_000001_063,loghub_hdfs,blk_-1608999687919862906,hdfs_trace_replay,E3,INFO,[*]Served block[*]to[*],False,E3,0,hdfs,blk_-1608999687919862906,INFO,hdfs,loghub,E3,0.0,0.0,False
2008-11-09T00:00:04+00:00,loghub_hdfs_replay_000001_064,loghub_hdfs,blk_-1608999687919862906,hdfs_trace_replay,E26,INFO,[*]BLOCK* NameSystem[*]addStoredBlock: blockMap updated:[*]is added to[*]size[*],False,E26,0,hdfs,blk_-1608999687919862906,INFO,hdfs,loghub,E26,0.0,0.0,False
2008-11-09T00:00:04+00:00,loghub_hdfs_replay_000001_065,loghub_hdfs,blk_-1608999687919862906,hdfs_trace_replay,E26,INFO,[*]BLOCK* NameSystem[*]addStoredBlock: blockMap updated:[*]is added to[*]size[*],False,E26,0,hdfs,blk_-1608999687919862906,INFO,hdfs,loghub,E26,0.0,0.0,False
2008-11-09T00:00:04+00:00,loghub_hdfs_replay_000001_062,loghub_hdfs,blk_-1608999687919862906,hdfs_trace_replay,E3,INFO,[*]Served block[*]to[*],False,E3,0,hdfs,blk_-1608999687919862906,INFO,hdfs,loghub,E3,0.0,0.0,False
2008-11-09T00:00:04+00:00,loghub_hdfs_replay_000001_057,loghub_hdfs,blk_-1608999687919862906,hdfs_trace_replay,E3,INFO,[*]Served block[*]to[*],False,E3,0,hdfs,blk_-1608999687919862906,INFO,hdfs,loghub,E3,0.0,0.0,False
2008-11-09T00:00:04+00:00,loghub_hdfs_replay_000001_049,loghub_hdfs,blk_-1608999687919862906,hdfs_trace_replay,E3,INFO,[*]Served block[*]to[*],False,E3,0,hdfs,blk_-1608999687919862906,INFO,hdfs,loghub,E3,0.0,0.0,False
2008-11-09T00:00:04+00:00,loghub_hdfs_replay_000001_055,loghub_hdfs,blk_-1608999687919862906,hdfs_trace_replay,E3,INFO,[*]Served block[*]to[*],False,E3,0,hdfs,blk_-1608999687919862906,INFO,hdfs,loghub,E3,0.0,0.0,False
2008-11-09T00:00:04+00:00,loghub_hdfs_replay_000001_054,loghub_hdfs,blk_-1608999687919862906,hdfs_trace_replay,E3,INFO,[*]Served block[*]to[*],False,E3,0,hdfs,blk_-1608999687919862906,INFO,hdfs,loghub,E3,0.0,0.0,False
2008-11-09T00:00:04+00:00,loghub_hdfs_replay_000001_053,loghub_hdfs,blk_-1608999687919862906,hdfs_trace_replay,E3,INFO,[*]Served block[*]to[*],False,E3,0,hdfs,blk_-1608999687919862906,INFO,hdfs,loghub,E3,0.0,0.0,False
2008-11-09T00:00:04+00:00,loghub_hdfs_replay_000001_052,loghub_hdfs,blk_-1608999687919862906,hdfs_trace_replay,E3,INFO,[*]Served block[*]to[*],False,E3,0,hdfs,blk_-1608999687919862906,INFO,hdfs,loghub,E3,0.0,0.0,False
2008-11-09T00:00:04+00:00,loghub_hdfs_replay_000001_051,loghub_hdfs,blk_-1608999687919862906,hdfs_trace_replay,E3,INFO,[*]Served block[*]to[*],False,E3,0,hdfs,blk_-1608999687919862906,INFO,hdfs,loghub,E3,0.0,0.0,False
2008-11-09T00:00:04+00:00,loghub_hdfs_replay_000001_050,loghub_hdfs,blk_-1608999687919862906,hdfs_trace_replay,E3,INFO,[*]Served block[*]to[*],False,E3,0,hdfs,blk_-1608999687919862906,INFO,hdfs,loghub,E3,0.0,0.0,False
2008-11-09T00:00:04+00:00,loghub_hdfs_replay_000001_056,loghub_hdfs,blk_-1608999687919862906,hdfs_trace_replay,E3,INFO,[*]Served block[*]to[*],False,E3,0,hdfs,blk_-1608999687919862906,INFO,hdfs,loghub,E3,0.0,0.0,False
2008-11-09T00:00:04+00:00,loghub_hdfs_replay_000001_048,loghub_hdfs,blk_-1608999687919862906,hdfs_trace_replay,E6,INFO,[*]Received block[*]src:[*]dest:[*]of size[*],False,E6,0,hdfs,blk_-1608999687919862906,INFO,hdfs,loghub,E6,1.0,0.0,False
2008-11-09T00:00:04+00:00,loghub_hdfs_replay_000001_079,loghub_hdfs,blk_-1608999687919862906,hdfs_trace_replay,E3,INFO,[*]Served block[*]to[*],False,E3,0,hdfs,blk_-1608999687919862906,INFO,hdfs,loghub,E3,0.0,0.0,False
2008-11-09T00:00:04+00:00,loghub_hdfs_replay_000001_080,loghub_hdfs,blk_-1608999687919862906,hdfs_trace_replay,E3,INFO,[*]Served block[*]to[*],False,E3,0,hdfs,blk_-1608999687919862906,INFO,hdfs,loghub,E3,0.0,0.0,False
2008-11-09T00:00:04+00:00,loghub_hdfs_replay_000001_081,loghub_hdfs,blk_-1608999687919862906,hdfs_trace_replay,E3,INFO,[*]Served block[*]to[*],False,E3,0,hdfs,blk_-1608999687919862906,INFO,hdfs,loghub,E3,0.0,0.0,False
2008-11-09T00:00:04+00:00,loghub_hdfs_replay_000001_085,loghub_hdfs,blk_-1608999687919862906,hdfs_trace_replay,E3,INFO,[*]Served block[*]to[*],False,E3,0,hdfs,blk_-1608999687919862906,INFO,hdfs,loghub,E3,0.0,0.0,False
2008-11-09T00:00:04+00:00,loghub_hdfs_replay_000001_083,loghub_hdfs,blk_-1608999687919862906,hdfs_trace_replay,E3,INFO,[*]Served block[*]to[*],False,E3,0,hdfs,blk_-1608999687919862906,INFO,hdfs,loghub,E3,0.0,0.0,False
2008-11-09T00:00:04+00:00,loghub_hdfs_replay_000001_084,loghub_hdfs,blk_-1608999687919862906,hdfs_trace_replay,E3,INFO,[*]Served block[*]to[*],False,E3,0,hdfs,blk_-1608999687919862906,INFO,hdfs,loghub,E3,0.0,0.0,False
2008-11-09T00:00:04+00:00,loghub_hdfs_replay_000001_077,loghub_hdfs,blk_-1608999687919862906,hdfs_trace_replay,E3,INFO,[*]Served block[*]to[*],False,E3,0,hdfs,blk_-1608999687919862906,INFO,hdfs,loghub,E3,0.0,0.0,False
2008-11-09T00:00:04+00:00,loghub_hdfs_replay_000001_086,loghub_hdfs,blk_-1608999687919862906,hdfs_trace_replay,E3,INFO,[*]Served block[*]to[*],False,E3,0,hdfs,blk_-1608999687919862906,INFO,hdfs,loghub,E3,0.0,0.0,False
2008-11-09T00:00:04+00:00,loghub_hdfs_replay_000001_082,loghub_hdfs,blk_-1608999687919862906,hdfs_trace_replay,E3,INFO,[*]Served block[*]to[*],False,E3,0,hdfs,blk_-1608999687919862906,INFO,hdfs,loghub,E3,0.0,0.0,False
2008-11-09T00:00:04+00:00,loghub_hdfs_replay_000001_076,loghub_hdfs,blk_-1608999687919862906,hdfs_trace_replay,E3,INFO,[*]Served block[*]to[*],False,E3,0,hdfs,blk_-1608999687919862906,INFO,hdfs,loghub,E3,0.0,0.0,False
2008-11-09T00:00:04+00:00,loghub_hdfs_replay_000001_078,loghub_hdfs,blk_-1608999687919862906,hdfs_trace_replay,E3,INFO,[*]Served block[*]to[*],False,E3,0,hdfs,blk_-1608999687919862906,INFO,hdfs,loghub,E3,0.0,0.0,False
2008-11-09T00:00:04+00:00,loghub_hdfs_replay_000001_074,loghub_hdfs,blk_-1608999687919862906,hdfs_trace_replay,E3,INFO,[*]Served block[*]to[*],False,E3,0,hdfs,blk_-1608999687919862906,INFO,hdfs,loghub,E3,0.0,0.0,False
2008-11-09T00:00:04+00:00,loghub_hdfs_replay_000001_073,loghub_hdfs,blk_-1608999687919862906,hdfs_trace_replay,E3,INFO,[*]Served block[*]to[*],False,E3,0,hdfs,blk_-1608999687919862906,INFO,hdfs,loghub,E3,0.0,0.0,False
2008-11-09T00:00:04+00:00,loghub_hdfs_replay_000001_072,loghub_hdfs,blk_-1608999687919862906,hdfs_trace_replay,E3,INFO,[*]Served block[*]to[*],False,E3,0,hdfs,blk_-1608999687919862906,INFO,hdfs,loghub,E3,0.0,0.0,False
2008-11-09T00:00:04+00:00,loghub_hdfs_replay_000001_071,loghub_hdfs,blk_-1608999687919862906,hdfs_trace_replay,E3,INFO,[*]Served block[*]to[*],False,E3,0,hdfs,blk_-1608999687919862906,INFO,hdfs,loghub,E3,0.0,0.0,False
2008-11-09T00:00:04+00:00,loghub_hdfs_replay_000001_070,loghub_hdfs,blk_-1608999687919862906,hdfs_trace_replay,E3,INFO,[*]Served block[*]to[*],False,E3,0,hdfs,blk_-1608999687919862906,INFO,hdfs,loghub,E3,0.0,0.0,False
2008-11-09T00:00:04+00:00,loghub_hdfs_replay_000001_069,loghub_hdfs,blk_-1608999687919862906,hdfs_trace_replay,E3,INFO,[*]Served block[*]to[*],False,E3,0,hdfs,blk_-1608999687919862906,INFO,hdfs,loghub,E3,0.0,0.0,False
2008-11-09T00:00:04+00:00,loghub_hdfs_replay_000001_068,loghub_hdfs,blk_-1608999687919862906,hdfs_trace_replay,E3,INFO,[*]Served block[*]to[*],False,E3,0,hdfs,blk_-1608999687919862906,INFO,hdfs,loghub,E3,0.0,0.0,False
2008-11-09T00:00:04+00:00,loghub_hdfs_replay_000001_067,loghub_hdfs,blk_-1608999687919862906,hdfs_trace_replay,E3,INFO,[*]Served block[*]to[*],False,E3,0,hdfs,blk_-1608999687919862906,INFO,hdfs,loghub,E3,0.0,0.0,False
2008-11-09T00:00:04+00:00,loghub_hdfs_replay_000001_066,loghub_hdfs,blk_-1608999687919862906,hdfs_trace_replay,E3,INFO,[*]Served block[*]to[*],False,E3,0,hdfs,blk_-1608999687919862906,INFO,hdfs,loghub,E3,1.0,0.0,False
2008-11-09T00:00:04+00:00,loghub_hdfs_replay_000001_075,loghub_hdfs,blk_-1608999687919862906,hdfs_trace_replay,E3,INFO,[*]Served block[*]to[*],False,E3,0,hdfs,blk_-1608999687919862906,INFO,hdfs,loghub,E3,0.0,0.0,False
2008-11-09T00:00:04+00:00,loghub_hdfs_replay_000001_102,loghub_hdfs,blk_-1608999687919862906,hdfs_trace_replay,E3,INFO,[*]Served block[*]to[*],False,E3,0,hdfs,blk_-1608999687919862906,INFO,hdfs,loghub,E3,0.0,0.0,False
2008-11-09T00:00:04+00:00,loghub_hdfs_replay_000001_103,loghub_hdfs,blk_-1608999687919862906,hdfs_trace_replay,E3,INFO,[*]Served block[*]to[*],False,E3,0,hdfs,blk_-1608999687919862906,INFO,hdfs,loghub,E3,0.0,0.0,False
2008-11-09T00:00:04+00:00,loghub_hdfs_replay_000001_104,loghub_hdfs,blk_-1608999687919862906,hdfs_trace_replay,E3,INFO,[*]Served block[*]to[*],False,E3,0,hdfs,blk_-1608999687919862906,INFO,hdfs,loghub,E3,0.0,0.0,False
2008-11-09T00:00:04+00:00,loghub_hdfs_replay_000001_105,loghub_hdfs,blk_-1608999687919862906,hdfs_trace_replay,E3,INFO,[*]Served block[*]to[*],False,E3,0,hdfs,blk_-1608999687919862906,INFO,hdfs,loghub,E3,0.0,0.0,False
2008-11-09T00:00:04+00:00,loghub_hdfs_replay_000001_106,loghub_hdfs,blk_-1608999687919862906,hdfs_trace_replay,E3,INFO,[*]Served block[*]to[*],False,E3,0,hdfs,blk_-1608999687919862906,INFO,hdfs,loghub,E3,0.0,0.0,False
2008-11-09T00:00:04+00:00,loghub_hdfs_replay_000001_111,loghub_hdfs,blk_-1608999687919862906,hdfs_trace_replay,E25,INFO,[*]BLOCK* ask[*]to replicate[*]to[*],False,E25,0,hdfs,blk_-1608999687919862906,INFO,hdfs,loghub,E25,0.0,0.0,False
2008-11-09T00:00:04+00:00,loghub_hdfs_replay_000001_108,loghub_hdfs,blk_-1608999687919862906,hdfs_trace_replay,E3,INFO,[*]Served block[*]to[*],False,E3,0,hdfs,blk_-1608999687919862906,INFO,hdfs,loghub,E3,0.0,0.0,False
2008-11-09T00:00:04+00:00,loghub_hdfs_replay_000001_109,loghub_hdfs,blk_-1608999687919862906,hdfs_trace_replay,E3,INFO,[*]Served block[*]to[*],False,E3,0,hdfs,blk_-1608999687919862906,INFO,hdfs,loghub,E3,0.0,0.0,False
2008-11-09T00:00:04+00:00,loghub_hdfs_replay_000001_110,loghub_hdfs,blk_-1608999687919862906,hdfs_trace_replay,E3,INFO,[*]Served block[*]to[*],False,E3,0,hdfs,blk_-1608999687919862906,INFO,hdfs,loghub,E3,0.0,0.0,False
2008-11-09T00:00:04+00:00,loghub_hdfs_replay_000001_101,loghub_hdfs,blk_-1608999687919862906,hdfs_trace_replay,E3,INFO,[*]Served block[*]to[*],False,E3,0,hdfs,blk_-1608999687919862906,INFO,hdfs,loghub,E3,0.0,0.0,False
2008-11-09T00:00:04+00:00,loghub_hdfs_replay_000001_107,loghub_hdfs,blk_-1608999687919862906,hdfs_trace_replay,E3,INFO,[*]Served block[*]to[*],False,E3,0,hdfs,blk_-1608999687919862906,INFO,hdfs,loghub,E3,0.0,0.0,False
2008-11-09T00:00:04+00:00,loghub_hdfs_replay_000001_100,loghub_hdfs,blk_-1608999687919862906,hdfs_trace_replay,E3,INFO,[*]Served block[*]to[*],False,E3,0,hdfs,blk_-1608999687919862906,INFO,hdfs,loghub,E3,0.0,0.0,False
2008-11-09T00:00:04+00:00,loghub_hdfs_replay_000001_091,loghub_hdfs,blk_-1608999687919862906,hdfs_trace_replay,E3,INFO,[*]Served block[*]to[*],False,E3,0,hdfs,blk_-1608999687919862906,INFO,hdfs,loghub,E3,0.0,0.0,False
2008-11-09T00:00:04+00:00,loghub_hdfs_replay_000001_098,loghub_hdfs,blk_-1608999687919862906,hdfs_trace_replay,E3,INFO,[*]Served block[*]to[*],False,E3,0,hdfs,blk_-1608999687919862906,INFO,hdfs,loghub,E3,0.0,0.0,False
2008-11-09T00:00:04+00:00,loghub_hdfs_replay_000001_087,loghub_hdfs,blk_-1608999687919862906,hdfs_trace_replay,E3,INFO,[*]Served block[*]to[*],False,E3,0,hdfs,blk_-1608999687919862906,INFO,hdfs,loghub,E3,1.0,0.0,False
2008-11-09T00:00:04+00:00,loghub_hdfs_replay_000001_088,loghub_hdfs,blk_-1608999687919862906,hdfs_trace_replay,E3,INFO,[*]Served block[*]to[*],False,E3,0,hdfs,blk_-1608999687919862906,INFO,hdfs,loghub,E3,0.0,0.0,False
2008-11-09T00:00:04+00:00,loghub_hdfs_replay_000001_090,loghub_hdfs,blk_-1608999687919862906,hdfs_trace_replay,E3,INFO,[*]Served block[*]to[*],False,E3,0,hdfs,blk_-1608999687919862906,INFO,hdfs,loghub,E3,0.0,0.0,False
2008-11-09T00:00:04+00:00,loghub_hdfs_replay_000001_092,loghub_hdfs,blk_-1608999687919862906,hdfs_trace_replay,E3,INFO,[*]Served block[*]to[*],False,E3,0,hdfs,blk_-1608999687919862906,INFO,hdfs,loghub,E3,0.0,0.0,False
2008-11-09T00:00:04+00:00,loghub_hdfs_replay_000001_089,loghub_hdfs,blk_-1608999687919862906,hdfs_trace_replay,E3,INFO,[*]Served block[*]to[*],False,E3,0,hdfs,blk_-1608999687919862906,INFO,hdfs,loghub,E3,0.0,0.0,False
2008-11-09T00:00:04+00:00,loghub_hdfs_replay_000001_094,loghub_hdfs,blk_-1608999687919862906,hdfs_trace_replay,E3,INFO,[*]Served block[*]to[*],False,E3,0,hdfs,blk_-1608999687919862906,INFO,hdfs,loghub,E3,0.0,0.0,False
2008-11-09T00:00:04+00:00,loghub_hdfs_replay_000001_095,loghub_hdfs,blk_-1608999687919862906,hdfs_trace_replay,E3,INFO,[*]Served block[*]to[*],False,E3,0,hdfs,blk_-1608999687919862906,INFO,hdfs,loghub,E3,0.0,0.0,False
2008-11-09T00:00:04+00:00,loghub_hdfs_replay_000001_096,loghub_hdfs,blk_-1608999687919862906,hdfs_trace_replay,E3,INFO,[*]Served block[*]to[*],False,E3,0,hdfs,blk_-1608999687919862906,INFO,hdfs,loghub,E3,0.0,0.0,False
2008-11-09T00:00:04+00:00,loghub_hdfs_replay_000001_097,loghub_hdfs,blk_-1608999687919862906,hdfs_trace_replay,E3,INFO,[*]Served block[*]to[*],False,E3,0,hdfs,blk_-1608999687919862906,INFO,hdfs,loghub,E3,0.0,0.0,False
2008-11-09T00:00:04+00:00,loghub_hdfs_replay_000001_093,loghub_hdfs,blk_-1608999687919862906,hdfs_trace_replay,E3,INFO,[*]Served block[*]to[*],False,E3,0,hdfs,blk_-1608999687919862906,INFO,hdfs,loghub,E3,0.0,0.0,False
2008-11-09T00:00:04+00:00,loghub_hdfs_replay_000001_099,loghub_hdfs,blk_-1608999687919862906,hdfs_trace_replay,E3,INFO,[*]Served block[*]to[*],False,E3,0,hdfs,blk_-1608999687919862906,INFO,hdfs,loghub,E3,0.0,0.0,False
2008-11-09T00:00:04+00:00,loghub_hdfs_replay_000001_133,loghub_hdfs,blk_-1608999687919862906,hdfs_trace_replay,E3,INFO,[*]Served block[*]to[*],False,E3,0,hdfs,blk_-1608999687919862906,INFO,hdfs,loghub,E3,0.0,0.0,False
2008-11-09T00:00:04+00:00,loghub_hdfs_replay_000001_140,loghub_hdfs,blk_-1608999687919862906,hdfs_trace_replay,E3,INFO,[*]Served block[*]to[*],False,E3,0,hdfs,blk_-1608999687919862906,INFO,hdfs,loghub,E3,0.0,0.0,False
2008-11-09T00:00:04+00:00,loghub_hdfs_replay_000001_134,loghub_hdfs,blk_-1608999687919862906,hdfs_trace_replay,E3,INFO,[*]Served block[*]to[*],False,E3,0,hdfs,blk_-1608999687919862906,INFO,hdfs,loghub,E3,0.0,0.0,False
2008-11-09T00:00:04+00:00,loghub_hdfs_replay_000001_135,loghub_hdfs,blk_-1608999687919862906,hdfs_trace_replay,E3,INFO,[*]Served block[*]to[*],False,E3,0,hdfs,blk_-1608999687919862906,INFO,hdfs,loghub,E3,0.0,0.0,False
2008-11-09T00:00:04+00:00,loghub_hdfs_replay_000001_136,loghub_hdfs,blk_-1608999687919862906,hdfs_trace_replay,E3,INFO,[*]Served block[*]to[*],False,E3,0,hdfs,blk_-1608999687919862906,INFO,hdfs,loghub,E3,0.0,0.0,False
2008-11-09T00:00:04+00:00,loghub_hdfs_replay_000001_137,loghub_hdfs,blk_-1608999687919862906,hdfs_trace_replay,E3,INFO,[*]Served block[*]to[*],False,E3,0,hdfs,blk_-1608999687919862906,INFO,hdfs,loghub,E3,0.0,0.0,False
2008-11-09T00:00:04+00:00,loghub_hdfs_replay_000001_138,loghub_hdfs,blk_-1608999687919862906,hdfs_trace_replay,E3,INFO,[*]Served block[*]to[*],False,E3,0,hdfs,blk_-1608999687919862906,INFO,hdfs,loghub,E3,0.0,0.0,False
2008-11-09T00:00:04+00:00,loghub_hdfs_replay_000001_139,loghub_hdfs,blk_-1608999687919862906,hdfs_trace_replay,E3,INFO,[*]Served block[*]to[*],False,E3,0,hdfs,blk_-1608999687919862906,INFO,hdfs,loghub,E3,0.0,0.0,False
2008-11-09T00:00:04+00:00,loghub_hdfs_replay_000001_146,loghub_hdfs,blk_-1608999687919862906,hdfs_trace_replay,E3,INFO,[*]Served block[*]to[*],False,E3,0,hdfs,blk_-1608999687919862906,INFO,hdfs,loghub,E3,0.0,0.0,False
2008-11-09T00:00:04+00:00,loghub_hdfs_replay_000001_143,loghub_hdfs,blk_-1608999687919862906,hdfs_trace_replay,E3,INFO,[*]Served block[*]to[*],False,E3,0,hdfs,blk_-1608999687919862906,INFO,hdfs,loghub,E3,0.0,0.0,False
2008-11-09T00:00:04+00:00,loghub_hdfs_replay_000001_144,loghub_hdfs,blk_-1608999687919862906,hdfs_trace_replay,E3,INFO,[*]Served block[*]to[*],False,E3,0,hdfs,blk_-1608999687919862906,INFO,hdfs,loghub,E3,0.0,0.0,False
2008-11-09T00:00:04+00:00,loghub_hdfs_replay_000001_145,loghub_hdfs,blk_-1608999687919862906,hdfs_trace_replay,E3,INFO,[*]Served block[*]to[*],False,E3,0,hdfs,blk_-1608999687919862906,INFO,hdfs,loghub,E3,0.0,0.0,False
2008-11-09T00:00:04+00:00,loghub_hdfs_replay_000001_132,loghub_hdfs,blk_-1608999687919862906,hdfs_trace_replay,E3,INFO,[*]Served block[*]to[*],False,E3,0,hdfs,blk_-1608999687919862906,INFO,hdfs,loghub,E3,0.0,0.0,False
2008-11-09T00:00:04+00:00,loghub_hdfs_replay_000001_147,loghub_hdfs,blk_-1608999687919862906,hdfs_trace_replay,E3,INFO,[*]Served block[*]to[*],False,E3,0,hdfs,blk_-1608999687919862906,INFO,hdfs,loghub,E3,0.0,0.0,False
2008-11-09T00:00:04+00:00,loghub_hdfs_replay_000001_148,loghub_hdfs,blk_-1608999687919862906,hdfs_trace_replay,E3,INFO,[*]Served block[*]to[*],False,E3,0,hdfs,blk_-1608999687919862906,INFO,hdfs,loghub,E3,0.0,0.0,False
2008-11-09T00:00:04+00:00,loghub_hdfs_replay_000001_149,loghub_hdfs,blk_-1608999687919862906,hdfs_trace_replay,E18,INFO,[*]Starting thread to transfer block[*]to[*],False,E18,0,hdfs,blk_-1608999687919862906,INFO,hdfs,loghub,E18,0.0,0.0,False
2008-11-09T00:00:04+00:00,loghub_hdfs_replay_000001_142,loghub_hdfs,blk_-1608999687919862906,hdfs_trace_replay,E3,INFO,[*]Served block[*]to[*],False,E3,0,hdfs,blk_-1608999687919862906,INFO,hdfs,loghub,E3,0.0,0.0,False
2008-11-09T00:00:04+00:00,loghub_hdfs_replay_000001_131,loghub_hdfs,blk_-1608999687919862906,hdfs_trace_replay,E3,INFO,[*]Served block[*]to[*],False,E3,0,hdfs,blk_-1608999687919862906,INFO,hdfs,loghub,E3,0.0,0.0,False
2008-11-09T00:00:04+00:00,loghub_hdfs_replay_000001_141,loghub_hdfs,blk_-1608999687919862906,hdfs_trace_replay,E3,INFO,[*]Served block[*]to[*],False,E3,0,hdfs,blk_-1608999687919862906,INFO,hdfs,loghub,E3,0.0,0.0,False
2008-11-09T00:00:04+00:00,loghub_hdfs_replay_000001_129,loghub_hdfs,blk_-1608999687919862906,hdfs_trace_replay,E3,INFO,[*]Served block[*]to[*],False,E3,0,hdfs,blk_-1608999687919862906,INFO,hdfs,loghub,E3,0.0,0.0,False
2008-11-09T00:00:04+00:00,loghub_hdfs_replay_000001_112,loghub_hdfs,blk_-1608999687919862906,hdfs_trace_replay,E3,INFO,[*]Served block[*]to[*],False,E3,0,hdfs,blk_-1608999687919862906,INFO,hdfs,loghub,E3,1.0,0.0,False
2008-11-09T00:00:04+00:00,loghub_hdfs_replay_000001_113,loghub_hdfs,blk_-1608999687919862906,hdfs_trace_replay,E3,INFO,[*]Served block[*]to[*],False,E3,0,hdfs,blk_-1608999687919862906,INFO,hdfs,loghub,E3,0.0,0.0,False
2008-11-09T00:00:04+00:00,loghub_hdfs_replay_000001_114,loghub_hdfs,blk_-1608999687919862906,hdfs_trace_replay,E3,INFO,[*]Served block[*]to[*],False,E3,0,hdfs,blk_-1608999687919862906,INFO,hdfs,loghub,E3,0.0,0.0,False
2008-11-09T00:00:04+00:00,loghub_hdfs_replay_000001_115,loghub_hdfs,blk_-1608999687919862906,hdfs_trace_replay,E3,INFO,[*]Served block[*]to[*],False,E3,0,hdfs,blk_-1608999687919862906,INFO,hdfs,loghub,E3,0.0,0.0,False
2008-11-09T00:00:04+00:00,loghub_hdfs_replay_000001_116,loghub_hdfs,blk_-1608999687919862906,hdfs_trace_replay,E3,INFO,[*]Served block[*]to[*],False,E3,0,hdfs,blk_-1608999687919862906,INFO,hdfs,loghub,E3,0.0,0.0,False
2008-11-09T00:00:04+00:00,loghub_hdfs_replay_000001_118,loghub_hdfs,blk_-1608999687919862906,hdfs_trace_replay,E3,INFO,[*]Served block[*]to[*],False,E3,0,hdfs,blk_-1608999687919862906,INFO,hdfs,loghub,E3,0.0,0.0,False
2008-11-09T00:00:04+00:00,loghub_hdfs_replay_000001_119,loghub_hdfs,blk_-1608999687919862906,hdfs_trace_replay,E3,INFO,[*]Served block[*]to[*],False,E3,0,hdfs,blk_-1608999687919862906,INFO,hdfs,loghub,E3,0.0,0.0,False
2008-11-09T00:00:04+00:00,loghub_hdfs_replay_000001_120,loghub_hdfs,blk_-1608999687919862906,hdfs_trace_replay,E3,INFO,[*]Served block[*]to[*],False,E3,0,hdfs,blk_-1608999687919862906,INFO,hdfs,loghub,E3,0.0,0.0,False
2008-11-09T00:00:04+00:00,loghub_hdfs_replay_000001_117,loghub_hdfs,blk_-1608999687919862906,hdfs_trace_replay,E3,INFO,[*]Served block[*]to[*],False,E3,0,hdfs,blk_-1608999687919862906,INFO,hdfs,loghub,E3,0.0,0.0,False
2008-11-09T00:00:04+00:00,loghub_hdfs_replay_000001_122,loghub_hdfs,blk_-1608999687919862906,hdfs_trace_replay,E3,INFO,[*]Served block[*]to[*],False,E3,0,hdfs,blk_-1608999687919862906,INFO,hdfs,loghub,E3,0.0,0.0,False
2008-11-09T00:00:04+00:00,loghub_hdfs_replay_000001_123,loghub_hdfs,blk_-1608999687919862906,hdfs_trace_replay,E3,INFO,[*]Served block[*]to[*],False,E3,0,hdfs,blk_-1608999687919862906,INFO,hdfs,loghub,E3,0.0,0.0,False
2008-11-09T00:00:04+00:00,loghub_hdfs_replay_000001_124,loghub_hdfs,blk_-1608999687919862906,hdfs_trace_replay,E3,INFO,[*]Served block[*]to[*],False,E3,0,hdfs,blk_-1608999687919862906,INFO,hdfs,loghub,E3,0.0,0.0,False
2008-11-09T00:00:04+00:00,loghub_hdfs_replay_000001_125,loghub_hdfs,blk_-1608999687919862906,hdfs_trace_replay,E3,INFO,[*]Served block[*]to[*],False,E3,0,hdfs,blk_-1608999687919862906,INFO,hdfs,loghub,E3,0.0,0.0,False
2008-11-09T00:00:04+00:00,loghub_hdfs_replay_000001_126,loghub_hdfs,blk_-1608999687919862906,hdfs_trace_replay,E3,INFO,[*]Served block[*]to[*],False,E3,0,hdfs,blk_-1608999687919862906,INFO,hdfs,loghub,E3,0.0,0.0,False
2008-11-09T00:00:04+00:00,loghub_hdfs_replay_000001_127,loghub_hdfs,blk_-1608999687919862906,hdfs_trace_replay,E3,INFO,[*]Served block[*]to[*],False,E3,0,hdfs,blk_-1608999687919862906,INFO,hdfs,loghub,E3,0.0,0.0,False
2008-11-09T00:00:04+00:00,loghub_hdfs_replay_000001_128,loghub_hdfs,blk_-1608999687919862906,hdfs_trace_replay,E3,INFO,[*]Served block[*]to[*],False,E3,0,hdfs,blk_-1608999687919862906,INFO,hdfs,loghub,E3,0.0,0.0,False
2008-11-09T00:00:04+00:00,loghub_hdfs_replay_000001_121,loghub_hdfs,blk_-1608999687919862906,hdfs_trace_replay,E3,INFO,[*]Served block[*]to[*],False,E3,0,hdfs,blk_-1608999687919862906,INFO,hdfs,loghub,E3,0.0,0.0,False
2008-11-09T00:00:04+00:00,loghub_hdfs_replay_000001_130,loghub_hdfs,blk_-1608999687919862906,hdfs_trace_replay,E3,INFO,[*]Served block[*]to[*],False,E3,0,hdfs,blk_-1608999687919862906,INFO,hdfs,loghub,E3,0.0,0.0,False
2008-11-09T00:00:04+00:00,loghub_hdfs_replay_000001_157,loghub_hdfs,blk_-1608999687919862906,hdfs_trace_replay,E16,INFO,[*]:Transmitted block[*]to[*],False,E16,0,hdfs,blk_-1608999687919862906,INFO,hdfs,loghub,E16,0.0,0.0,False
2008-11-09T00:00:04+00:00,loghub_hdfs_replay_000001_162,loghub_hdfs,blk_-1608999687919862906,hdfs_trace_replay,E26,INFO,[*]BLOCK* NameSystem[*]addStoredBlock: blockMap updated:[*]is added to[*]size[*],False,E26,0,hdfs,blk_-1608999687919862906,INFO,hdfs,loghub,E26,0.0,0.0,False
2008-11-09T00:00:04+00:00,loghub_hdfs_replay_000001_161,loghub_hdfs,blk_-1608999687919862906,hdfs_trace_replay,E3,INFO,[*]Served block[*]to[*],False,E3,0,hdfs,blk_-1608999687919862906,INFO,hdfs,loghub,E3,0.0,0.0,False
2008-11-09T00:00:04+00:00,loghub_hdfs_replay_000001_160,loghub_hdfs,blk_-1608999687919862906,hdfs_trace_replay,E3,INFO,[*]Served block[*]to[*],False,E3,0,hdfs,blk_-1608999687919862906,INFO,hdfs,loghub,E3,0.0,0.0,False
2008-11-09T00:00:04+00:00,loghub_hdfs_replay_000001_159,loghub_hdfs,blk_-1608999687919862906,hdfs_trace_replay,E3,INFO,[*]Served block[*]to[*],False,E3,0,hdfs,blk_-1608999687919862906,INFO,hdfs,loghub,E3,0.0,0.0,False
2008-11-09T00:00:04+00:00,loghub_hdfs_replay_000001_158,loghub_hdfs,blk_-1608999687919862906,hdfs_trace_replay,E3,INFO,[*]Served block[*]to[*],False,E3,0,hdfs,blk_-1608999687919862906,INFO,hdfs,loghub,E3,0.0,0.0,False
2008-11-09T00:00:04+00:00,loghub_hdfs_replay_000001_156,loghub_hdfs,blk_-1608999687919862906,hdfs_trace_replay,E3,INFO,[*]Served block[*]to[*],False,E3,0,hdfs,blk_-1608999687919862906,INFO,hdfs,loghub,E3,0.0,0.0,False
2008-11-09T00:00:04+00:00,loghub_hdfs_replay_000001_154,loghub_hdfs,blk_-1608999687919862906,hdfs_trace_replay,E3,INFO,[*]Served block[*]to[*],False,E3,0,hdfs,blk_-1608999687919862906,INFO,hdfs,loghub,E3,0.0,0.0,False
2008-11-09T00:00:04+00:00,loghub_hdfs_replay_000001_153,loghub_hdfs,blk_-1608999687919862906,hdfs_trace_replay,E3,INFO,[*]Served block[*]to[*],False,E3,0,hdfs,blk_-1608999687919862906,INFO,hdfs,loghub,E3,0.0,0.0,False
2008-11-09T00:00:04+00:00,loghub_hdfs_replay_000001_152,loghub_hdfs,blk_-1608999687919862906,hdfs_trace_replay,E3,INFO,[*]Served block[*]to[*],False,E3,0,hdfs,blk_-1608999687919862906,INFO,hdfs,loghub,E3,0.0,0.0,False
2008-11-09T00:00:04+00:00,loghub_hdfs_replay_000001_151,loghub_hdfs,blk_-1608999687919862906,hdfs_trace_replay,E5,INFO,[*]Receiving block[*]src:[*]dest:[*],False,E5,0,hdfs,blk_-1608999687919862906,INFO,hdfs,loghub,E5,0.0,0.0,False
2008-11-09T00:00:04+00:00,loghub_hdfs_replay_000001_150,loghub_hdfs,blk_-1608999687919862906,hdfs_trace_replay,E6,INFO,[*]Received block[*]src:[*]dest:[*]of size[*],False,E6,0,hdfs,blk_-1608999687919862906,INFO,hdfs,loghub,E6,1.0,0.0,False
2008-11-09T00:00:04+00:00,loghub_hdfs_replay_000001_155,loghub_hdfs,blk_-1608999687919862906,hdfs_trace_replay,E3,INFO,[*]Served block[*]to[*],False,E3,0,hdfs,blk_-1608999687919862906,INFO,hdfs,loghub,E3,0.0,0.0,False
2008-11-09T00:00:04+00:00,loghub_hdfs_replay_000001_178,loghub_hdfs,blk_-1608999687919862906,hdfs_trace_replay,E3,INFO,[*]Served block[*]to[*],False,E3,0,hdfs,blk_-1608999687919862906,INFO,hdfs,loghub,E3,0.0,0.0,False
2008-11-09T00:00:04+00:00,loghub_hdfs_replay_000001_177,loghub_hdfs,blk_-1608999687919862906,hdfs_trace_replay,E3,INFO,[*]Served block[*]to[*],False,E3,0,hdfs,blk_-1608999687919862906,INFO,hdfs,loghub,E3,0.0,0.0,False
2008-11-09T00:00:04+00:00,loghub_hdfs_replay_000001_176,loghub_hdfs,blk_-1608999687919862906,hdfs_trace_replay,E3,INFO,[*]Served block[*]to[*],False,E3,0,hdfs,blk_-1608999687919862906,INFO,hdfs,loghub,E3,0.0,0.0,False
2008-11-09T00:00:04+00:00,loghub_hdfs_replay_000001_175,loghub_hdfs,blk_-1608999687919862906,hdfs_trace_replay,E3,INFO,[*]Served block[*]to[*],False,E3,0,hdfs,blk_-1608999687919862906,INFO,hdfs,loghub,E3,0.0,0.0,False
2008-11-09T00:00:04+00:00,loghub_hdfs_replay_000001_174,loghub_hdfs,blk_-1608999687919862906,hdfs_trace_replay,E3,INFO,[*]Served block[*]to[*],False,E3,0,hdfs,blk_-1608999687919862906,INFO,hdfs,loghub,E3,0.0,0.0,False
2008-11-09T00:00:04+00:00,loghub_hdfs_replay_000001_173,loghub_hdfs,blk_-1608999687919862906,hdfs_trace_replay,E3,INFO,[*]Served block[*]to[*],False,E3,0,hdfs,blk_-1608999687919862906,INFO,hdfs,loghub,E3,0.0,0.0,False
2008-11-09T00:00:04+00:00,loghub_hdfs_replay_000001_172,loghub_hdfs,blk_-1608999687919862906,hdfs_trace_replay,E3,INFO,[*]Served block[*]to[*],False,E3,0,hdfs,blk_-1608999687919862906,INFO,hdfs,loghub,E3,0.0,0.0,False
2008-11-09T00:00:04+00:00,loghub_hdfs_replay_000001_171,loghub_hdfs,blk_-1608999687919862906,hdfs_trace_replay,E3,INFO,[*]Served block[*]to[*],False,E3,0,hdfs,blk_-1608999687919862906,INFO,hdfs,loghub,E3,0.0,0.0,False
2008-11-09T00:00:04+00:00,loghub_hdfs_replay_000001_169,loghub_hdfs,blk_-1608999687919862906,hdfs_trace_replay,E3,INFO,[*]Served block[*]to[*],False,E3,0,hdfs,blk_-1608999687919862906,INFO,hdfs,loghub,E3,0.0,0.0,False
2008-11-09T00:00:04+00:00,loghub_hdfs_replay_000001_168,loghub_hdfs,blk_-1608999687919862906,hdfs_trace_replay,E3,INFO,[*]Served block[*]to[*],False,E3,0,hdfs,blk_-1608999687919862906,INFO,hdfs,loghub,E3,0.0,0.0,False
2008-11-09T00:00:04+00:00,loghub_hdfs_replay_000001_167,loghub_hdfs,blk_-1608999687919862906,hdfs_trace_replay,E3,INFO,[*]Served block[*]to[*],False,E3,0,hdfs,blk_-1608999687919862906,INFO,hdfs,loghub,E3,0.0,0.0,False
2008-11-09T00:00:04+00:00,loghub_hdfs_replay_000001_166,loghub_hdfs,blk_-1608999687919862906,hdfs_trace_replay,E3,INFO,[*]Served block[*]to[*],False,E3,0,hdfs,blk_-1608999687919862906,INFO,hdfs,loghub,E3,0.0,0.0,False
2008-11-09T00:00:04+00:00,loghub_hdfs_replay_000001_165,loghub_hdfs,blk_-1608999687919862906,hdfs_trace_replay,E3,INFO,[*]Served block[*]to[*],False,E3,0,hdfs,blk_-1608999687919862906,INFO,hdfs,loghub,E3,0.0,0.0,False
2008-11-09T00:00:04+00:00,loghub_hdfs_replay_000001_164,loghub_hdfs,blk_-1608999687919862906,hdfs_trace_replay,E3,INFO,[*]Served block[*]to[*],False,E3,0,hdfs,blk_-1608999687919862906,INFO,hdfs,loghub,E3,0.0,0.0,False
2008-11-09T00:00:04+00:00,loghub_hdfs_replay_000001_163,loghub_hdfs,blk_-1608999687919862906,hdfs_trace_replay,E3,INFO,[*]Served block[*]to[*],False,E3,0,hdfs,blk_-1608999687919862906,INFO,hdfs,loghub,E3,1.0,0.0,False
2008-11-09T00:00:04+00:00,loghub_hdfs_replay_000001_170,loghub_hdfs,blk_-1608999687919862906,hdfs_trace_replay,E3,INFO,[*]Served block[*]to[*],False,E3,0,hdfs,blk_-1608999687919862906,INFO,hdfs,loghub,E3,0.0,0.0,False
2008-11-09T00:00:04+00:00,loghub_hdfs_replay_000001_186,loghub_hdfs,blk_-1608999687919862906,hdfs_trace_replay,E3,INFO,[*]Served block[*]to[*],False,E3,0,hdfs,blk_-1608999687919862906,INFO,hdfs,loghub,E3,0.0,0.0,False
2008-11-09T00:00:04+00:00,loghub_hdfs_replay_000001_188,loghub_hdfs,blk_-1608999687919862906,hdfs_trace_replay,E3,INFO,[*]Served block[*]to[*],False,E3,0,hdfs,blk_-1608999687919862906,INFO,hdfs,loghub,E3,0.0,0.0,False
2008-11-09T00:00:04+00:00,loghub_hdfs_replay_000001_187,loghub_hdfs,blk_-1608999687919862906,hdfs_trace_replay,E3,INFO,[*]Served block[*]to[*],False,E3,0,hdfs,blk_-1608999687919862906,INFO,hdfs,loghub,E3,0.0,0.0,False
2008-11-09T00:00:04+00:00,loghub_hdfs_replay_000001_185,loghub_hdfs,blk_-1608999687919862906,hdfs_trace_replay,E3,INFO,[*]Served block[*]to[*],False,E3,0,hdfs,blk_-1608999687919862906,INFO,hdfs,loghub,E3,0.0,0.0,False
2008-11-09T00:00:04+00:00,loghub_hdfs_replay_000001_184,loghub_hdfs,blk_-1608999687919862906,hdfs_trace_replay,E3,INFO,[*]Served block[*]to[*],False,E3,0,hdfs,blk_-1608999687919862906,INFO,hdfs,loghub,E3,0.0,0.0,False
2008-11-09T00:00:04+00:00,loghub_hdfs_replay_000001_183,loghub_hdfs,blk_-1608999687919862906,hdfs_trace_replay,E3,INFO,[*]Served block[*]to[*],False,E3,0,hdfs,blk_-1608999687919862906,INFO,hdfs,loghub,E3,0.0,0.0,False
2008-11-09T00:00:04+00:00,loghub_hdfs_replay_000001_182,loghub_hdfs,blk_-1608999687919862906,hdfs_trace_replay,E3,INFO,[*]Served block[*]to[*],False,E3,0,hdfs,blk_-1608999687919862906,INFO,hdfs,loghub,E3,0.0,0.0,False
2008-11-09T00:00:04+00:00,loghub_hdfs_replay_000001_181,loghub_hdfs,blk_-1608999687919862906,hdfs_trace_replay,E3,INFO,[*]Served block[*]to[*],False,E3,0,hdfs,blk_-1608999687919862906,INFO,hdfs,loghub,E3,0.0,0.0,False
2008-11-09T00:00:04+00:00,loghub_hdfs_replay_000001_180,loghub_hdfs,blk_-1608999687919862906,hdfs_trace_replay,E3,INFO,[*]Served block[*]to[*],False,E3,0,hdfs,blk_-1608999687919862906,INFO,hdfs,loghub,E3,0.0,0.0,False
2008-11-09T00:00:04+00:00,loghub_hdfs_replay_000001_179,loghub_hdfs,blk_-1608999687919862906,hdfs_trace_replay,E3,INFO,[*]Served block[*]to[*],False,E3,0,hdfs,blk_-1608999687919862906,INFO,hdfs,loghub,E3,1.0,0.0,False
2008-11-09T00:00:04+00:00,loghub_hdfs_replay_000001_211,loghub_hdfs,blk_-1608999687919862906,hdfs_trace_replay,E3,INFO,[*]Served block[*]to[*],False,E3,0,hdfs,blk_-1608999687919862906,INFO,hdfs,loghub,E3,0.0,0.0,False
2008-11-09T00:00:04+00:00,loghub_hdfs_replay_000001_210,loghub_hdfs,blk_-1608999687919862906,hdfs_trace_replay,E3,INFO,[*]Served block[*]to[*],False,E3,0,hdfs,blk_-1608999687919862906,INFO,hdfs,loghub,E3,0.0,0.0,False
2008-11-09T00:00:04+00:00,loghub_hdfs_replay_000001_209,loghub_hdfs,blk_-1608999687919862906,hdfs_trace_replay,E3,INFO,[*]Served block[*]to[*],False,E3,0,hdfs,blk_-1608999687919862906,INFO,hdfs,loghub,E3,0.0,0.0,False
2008-11-09T00:00:04+00:00,loghub_hdfs_replay_000001_208,loghub_hdfs,blk_-1608999687919862906,hdfs_trace_replay,E3,INFO,[*]Served block[*]to[*],False,E3,0,hdfs,blk_-1608999687919862906,INFO,hdfs,loghub,E3,0.0,0.0,False
2008-11-09T00:00:04+00:00,loghub_hdfs_replay_000001_207,loghub_hdfs,blk_-1608999687919862906,hdfs_trace_replay,E3,INFO,[*]Served block[*]to[*],False,E3,0,hdfs,blk_-1608999687919862906,INFO,hdfs,loghub,E3,0.0,0.0,False
2008-11-09T00:00:04+00:00,loghub_hdfs_replay_000001_205,loghub_hdfs,blk_-1608999687919862906,hdfs_trace_replay,E3,INFO,[*]Served block[*]to[*],False,E3,0,hdfs,blk_-1608999687919862906,INFO,hdfs,loghub,E3,0.0,0.0,False
2008-11-09T00:00:04+00:00,loghub_hdfs_replay_000001_204,loghub_hdfs,blk_-1608999687919862906,hdfs_trace_replay,E3,INFO,[*]Served block[*]to[*],False,E3,0,hdfs,blk_-1608999687919862906,INFO,hdfs,loghub,E3,0.0,0.0,False
2008-11-09T00:00:04+00:00,loghub_hdfs_replay_000001_203,loghub_hdfs,blk_-1608999687919862906,hdfs_trace_replay,E3,INFO,[*]Served block[*]to[*],False,E3,0,hdfs,blk_-1608999687919862906,INFO,hdfs,loghub,E3,0.0,0.0,False
2008-11-09T00:00:04+00:00,loghub_hdfs_replay_000001_202,loghub_hdfs,blk_-1608999687919862906,hdfs_trace_replay,E3,INFO,[*]Served block[*]to[*],False,E3,0,hdfs,blk_-1608999687919862906,INFO,hdfs,loghub,E3,0.0,0.0,False
2008-11-09T00:00:04+00:00,loghub_hdfs_replay_000001_201,loghub_hdfs,blk_-1608999687919862906,hdfs_trace_replay,E3,INFO,[*]Served block[*]to[*],False,E3,0,hdfs,blk_-1608999687919862906,INFO,hdfs,loghub,E3,0.0,0.0,False
2008-11-09T00:00:04+00:00,loghub_hdfs_replay_000001_200,loghub_hdfs,blk_-1608999687919862906,hdfs_trace_replay,E3,INFO,[*]Served block[*]to[*],False,E3,0,hdfs,blk_-1608999687919862906,INFO,hdfs,loghub,E3,0.0,0.0,False
